GrLivArea,SalePrice
2007,15925
2008,16148
2009,16383
2011,17094
2012,17522
2013,18015
2014,18462
2015,18876
2016,19459
1990,11580
1991,11796
1992,12218
1993,12634
1994,12914
1995,13106
1996,13335
1997,13572
1998,13695
1999,13811
2000,13977
2001,14312
2002,14437
2003,14951
2004,15360
2005,15556
2006,15724
2010,16718
2017,20111
2018,20673
2019,21247
1990,250601
1991,257246
1992,265162
1993,270050
1994,277583
1995,284299
1996,292146
1997,302488
1998,310208
1999,315331
2000,322351
2001,326917
2002,334650
2003,343083
2004,351470
2005,359312
2006,368885
2007,376491
2008,386074
2009,397522
2010,409619
2011,422028
2012,435399
2013,449450
2014,463478
2015,476591
2016,489801
2017,504198
2018,518707
2019,533567
1990,2616
1991,2698
1992,2642
1993,2586
1994,2493
1995,2614
1996,2756
1997,2871
1998,2963
1999,3030
2000,3073
2001,3044
2002,3190
2003,3388
2004,3463
2005,3468
2006,3395
2007,3357
2008,3471
2009,3528
2010,3617
2011,3759
2012,3865
2013,3982
2014,4143
2015,4313
2016,4419
2017,4517
2018,4611
2019,4705
1990,10571
1991,10917
1992,11145
1993,11386
1994,11629
1995,11865
1996,12034
1997,12203
1998,12338
1999,12640
2000,12910
2001,13167
2002,13499
2003,13869
2004,14377
2005,14916
2006,15400
2007,15949
2008,16524
2009,17155
2010,17706
2011,18236
2012,18795
2013,19359
2014,19993
2015,20663
2016,21303
2017,22061
2018,22953
2019,23816
1990,31
1991,32
1992,33
1993,34
1994,35
1995,37
1996,38
1997,39
1998,40
1999,41
2000,43
2001,44
2002,45
2003,47
2004,48
2005,50
2006,51
2007,52
2008,54
2009,55
2010,56
2011,58
2012,59
2013,61
2014,62
2015,63
2016,65
2017,66
2018,67
2019,68
1990,101
1991,107
1992,114
1993,121
1994,125
1995,128
1996,131
1997,135
1998,139
1999,143
2000,148
2001,153
2002,158
2003,164
2004,171
2005,174
2006,180
2007,185
2008,191
2009,196
2010,201
2011,191
2012,189
2013,193
2014,198
2015,203
2016,208
2017,215
2018,223
2019,230
1990,4883
1991,5010
1992,5168
1993,5367
1994,5549
1995,5650
1996,5652
1997,5779
1998,6081
1999,6351
2000,6513
2001,6608
2002,6751
2003,7018
2004,7380
2005,7518
2006,7770
2007,7969
2008,8294
2009,8640
2010,9025
2011,9408
2012,9803
2013,10124
2014,10314
2015,10753
2016,11142
2017,11673
2018,12241
2019,12791
1990,75
1991,77
1992,79
1993,84
1994,85
1995,86
1996,80
1997,80
1998,81
1999,83
2000,86
2001,86
2002,88
2003,89
2004,91
2005,92
2006,96
2007,112
2008,114
2009,108
2010,110
2011,113
2012,116
2013,117
2014,121
2015,124
2016,128
2017,131
2018,134
2019,138
1990,56399
1991,57122
1992,58603
1993,59365
1994,59889
1995,61086
1996,62791
1997,64496
1998,66293
1999,67589
2000,67318
2001,68241
2002,69686
2003,70855
2004,70656
2005,70761
2006,71641
2007,73495
2008,72954
2009,73515
2010,74506
2011,75294
2012,75967
2013,76594
2014,76832
2015,78388
2016,81304
2017,83141
2018,83676
2019,85209
1990,4136
1991,4274
1992,4588
1993,4681
1994,4478
1995,4487
1996,4606
1997,4525
1998,4565
1999,4659
2000,4696
2001,4862
2002,4948
2003,5086
2004,5103
2005,5248
2006,5409
2007,5427
2008,5604
2009,5635
2010,5672
2011,5697
2012,5672
2013,5571
2014,5612
2015,5768
2016,5714
2017,5756
2018,5789
2019,5834
1990,31401
1991,31902
1992,32785
1993,33430
1994,34419
1995,34883
1996,35577
1997,35937
1998,36234
1999,36561
2000,37009
2001,37485
2002,38098
2003,37909
2004,39058
2005,39704
2006,40546
2007,41904
2008,43049
2009,43523
2010,44010
2011,44902
2012,45387
2013,46192
2014,47417
2015,48482
2016,48970
2017,50188
2018,52196
2019,53700
1990,20644
1991,20747
1992,20787
1993,20731
1994,20543
1995,20605
1996,20558
1997,20411
1998,20321
1999,20222
2000,20150
2001,19938
2002,20079
2003,20229
2004,20105
2005,20113
2006,20028
2007,20212
2008,20392
2009,20779
2010,20897
2011,21138
2012,21473
2013,21625
2014,21771
2015,22000
2016,21954
2017,21847
2018,21930
2019,22258
1990,6953
1991,7121
1992,7429
1993,7553
1994,7638
1995,7457
1996,7324
1997,7217
1998,7205
1999,7244
2000,7267
2001,7307
2002,7510
2003,7811
2004,8025
2005,8348
2006,8587
2007,8834
2008,9190
2009,9484
2010,9740
2011,10022
2012,10263
2013,10439
2014,10664
2015,10853
2016,11155
2017,11501
2018,11626
2019,11913
1990,261
1991,264
1992,266
1993,272
1994,280
1995,288
1996,301
1997,301
1998,310
1999,324
2000,326
2001,341
2002,346
2003,358
2004,365
2005,365
2006,384
2007,391
2008,409
2009,430
2010,445
2011,461
2012,474
2013,484
2014,497
2015,515
2016,530
2017,544
2018,561
2019,580
2007,447
2008,465
2009,482
2010,499
1990,255
1991,265
1992,272
1993,276
1994,283
1995,294
1996,305
1997,315
1998,328
1999,337
2000,330
2001,325
2002,362
2003,395
2004,412
2005,426
2006,436
2011,511
2012,522
2013,539
2014,567
2015,606
2016,649
2017,700
2018,753
2019,817
2007,69816
2008,71059
2009,73426
2010,76058
2011,76393
2012,77715
2013,80503
2015,87112
2016,91436
1990,53557
1991,51202
1992,52159
1993,52703
1994,53154
1995,54664
1996,54921
1997,54790
1998,54954
1999,55641
2000,57862
2001,58430
2002,59967
2003,61456
2004,62782
2005,65283
2006,67975
2014,84234
2017,97080
2018,101677
2019,106147
1990,460
1991,461
1992,476
1993,485
1994,490
1995,494
1996,500
1997,512
1998,518
1999,518
2000,534
2001,540
2002,567
2003,589
2004,606
2005,599
2006,606
2007,616
2008,623
2009,624
2010,640
2011,652
2012,660
2013,677
2014,696
2015,711
2016,729
2017,748
2018,777
2019,825
2007,19925
2008,20080
2009,20327
2010,21004
2011,21181
2012,19224
2014,19034
2016,19025
1990,19783
1991,20712
1992,21466
1993,23041
1994,22872
1995,23097
1996,22911
1997,23124
1998,23255
1999,23395
2000,21802
2001,22301
2002,22427
2003,21498
2004,21153
2005,21422
2006,20793
2013,19073
2015,18844
2017,19371
2018,19382
2019,19668
1990,30372
1991,30386
1992,30656
1993,30786
1994,30662
1995,30665
1996,30236
1997,30104
1998,29951
1999,29781
2000,29465
2001,29228
2002,29290
2003,28978
2004,28815
2005,28840
2006,28608
2007,28739
2008,28473
2009,30055
2010,31062
2011,31686
2012,32532
2013,32991
2014,32831
2015,33216
2016,33047
2017,33186
2018,33464
2019,33892
1990,93
1991,93
1992,95
1993,98
1994,103
1995,111
1996,122
1997,135
1998,147
1999,156
2000,161
2001,161
2002,160
2003,164
2004,170
2005,174
2006,182
2007,187
2008,188
2009,195
2010,205
2011,213
2012,219
2013,228
2014,240
2015,251
2016,259
2017,271
2018,287
2019,299
1990,2130
1991,2178
1992,2225
1993,2277
1994,2349
1995,2420
1996,2492
1997,2546
1998,2611
1999,2675
2000,2768
2001,2842
2002,2952
2003,3037
2004,3142
2005,3229
2006,3343
2007,3441
2008,3586
2009,3755
2010,3916
2011,4086
2012,4227
2013,4364
2014,4484
2015,4613
2016,4767
2017,4948
2018,5063
2019,5247
1990,124
1991,123
1992,121
1993,122
1994,122
1995,120
1996,123
1997,122
1998,122
1999,124
2000,127
2001,127
2002,129
2003,130
2004,129
2005,130
2006,133
2007,135
2008,139
2009,142
2010,145
2011,148
2012,151
2013,155
2014,159
2015,163
2016,166
2017,171
2018,175
2019,179
1990,212
1991,217
1992,220
1993,226
1994,232
1995,239
1996,244
1997,253
1998,262
1999,263
2000,275
2001,280
2002,285
2003,294
2004,302
2005,309
2006,315
2007,329
2008,340
2009,352
2010,365
2011,377
2012,388
2013,400
2014,412
2015,424
2016,436
2017,448
2018,461
2019,474
1990,5514
1991,5679
1992,5872
1993,6072
1994,6238
1995,6456
1996,6628
1997,6941
1998,7166
1999,7382
2000,7642
2001,7873
2002,8140
2003,8375
2004,8617
2005,8884
2006,9163
2007,9505
2008,9820
2009,10143
2010,10485
2011,10866
2012,11217
2013,11559
2014,11803
2015,12216
2016,12761
2017,13150
2018,13610
2019,14035
1990,5786
1991,6291
1992,6342
1993,6433
1994,6477
1995,6508
1996,6550
1997,6666
1998,6596
1999,6777
2000,7083
2001,7393
2002,7739
2003,7964
2004,8094
2005,8481
2006,8509
2007,8964
2008,8678
2009,8771
2010,8801
2011,8857
2012,8859
2013,9012
2014,9128
2015,9346
2016,9308
2017,9335
2018,9431
2019,9482
2007,1399
2008,1449
2009,1489
2010,1545
2012,1655
2013,1712
2016,1868
1990,740
1991,789
1992,847
1993,905
1994,972
1995,1039
1996,1098
1997,1153
1998,1218
1999,1278
2000,1341
2001,1390
2002,1428
2003,1438
2004,1418
2005,1390
2006,1395
2011,1608
2014,1773
2015,1824
2017,1935
2018,2008
2019,2076
1990,117672
1991,119232
1992,123095
1993,129215
1994,132940
1995,137053
1996,142403
1997,146369
1998,152347
1999,157697
2000,162732
2001,167936
2002,173241
2003,178652
2004,184180
2005,186595
2006,192001
2007,197167
2008,202719
2009,208607
2010,214526
2011,220411
2012,224727
2013,230413
2014,235262
2015,241818
2016,250600
2017,252787
2018,258368
2019,266014
1990,213
1991,214
1992,215
1993,216
1994,213
1995,214
1996,213
1997,219
1998,226
1999,233
2000,241
2001,246
2002,257
2003,273
2004,287
2005,299
2006,310
2007,320
2008,329
2009,345
2010,363
2011,377
2012,394
2013,416
2014,434
2015,453
2016,473
2017,491
2018,510
2019,528
1990,17101
1991,16338
1992,15793
1993,14764
1994,14494
1995,14179
1996,14043
1997,14245
1998,14094
1999,13925
2000,14329
2001,14747
2002,15396
2003,16310
2004,17868
2005,19242
2006,20346
2007,21077
2008,21568
2009,21896
2010,22215
2011,22455
2012,22437
2013,22346
2014,22915
2015,22744
2016,22444
2017,22221
2018,22179
2019,22009
1990,4367
1991,4380
1992,4437
1993,4505
1994,4576
1995,4661
1996,4702
1997,4815
1998,4948
1999,4994
2000,5138
2001,5159
2002,5261
2003,5437
2004,5655
2005,5863
2006,5999
2007,6110
2008,6253
2009,6421
2010,6748
2011,6993
2012,7367
2013,7792
2014,8165
2015,8576
2016,9017
2017,9477
2018,9876
2019,10125
1990,3494
1991,3533
1992,3561
1993,3630
1994,3652
1995,3680
1996,3679
1997,3651
1998,3633
1999,3585
2000,3550
2001,3470
2002,3491
2003,3546
2004,3623
2005,3699
2006,3726
2007,3760
2008,3806
2009,3879
2010,4030
2011,4156
2012,4302
2013,4435
2014,4537
2015,4624
2016,4699
2017,4843
2018,5099
2019,5275
1990,6216
1991,6315
1992,6441
1993,6598
1994,6762
1995,6928
1996,7059
1997,7190
1998,7356
1999,7519
2000,7653
2001,7822
2002,8040
2003,8254
2004,8511
2005,8768
2006,8999
2007,9318
2008,9629
2009,9944
2010,10345
2011,10723
2012,11114
2013,11526
2014,11963
2015,12436
2016,12927
2017,13424
2018,13998
2019,14553
1990,4736
1991,4896
1992,5076
1993,5283
1994,5462
1995,5650
1996,5851
1997,6103
1998,6386
1999,6645
2000,6965
2001,7221
2002,7586
2003,7908
2004,8229
2005,8586
2006,8953
2007,9201
2008,9551
2009,9969
2010,10446
2011,10940
2012,11370
2013,11833
2014,12232
2015,12532
2016,12930
2017,13315
2018,13825
2019,14258
1990,53929
1991,55028
1992,56088
1993,57495
1994,58360
1995,59509
1996,60279
1997,61052
1998,62095
1999,62822
2000,63646
2001,64211
2002,65032
2003,66785
2004,68084
2005,69538
2006,70821
2007,72965
2008,74584
2009,75628
2010,76141
2011,77371
2012,79147
2013,80681
2014,82675
2015,83590
2016,84988
2017,86590
2018,90494
2019,93072
1990,257
1991,263
1992,268
1993,277
1994,285
1995,296
1996,318
1997,349
1998,364
1999,376
2000,383
2001,392
2002,400
2003,408
2004,417
2005,426
2006,407
2007,408
2008,419
2009,431
2010,443
2011,461
2012,481
2013,493
2014,510
2015,530
2016,561
2017,585
2018,713
2019,717
1990,1656
1991,1702
1992,1706
1993,1753
1994,1789
1995,1816
1996,1873
1997,1887
1998,1922
1999,1957
2000,1958
2001,1980
2002,2017
2003,2044
2004,2072
2005,2098
2006,2139
2007,2166
2008,2180
2009,2229
2010,2310
2011,2373
2012,2402
2013,2442
2014,2458
2015,2478
2016,2513
2017,2554
2018,2605
2019,2657
2007,4284
2008,4437
2009,4596
2015,5530
1990,2622
1991,2645
1992,2726
1993,2812
1994,2864
1995,2924
1996,3051
1997,3147
1998,3229
1999,3319
2000,3394
2001,3505
2002,3628
2003,3770
2004,3888
2005,3986
2006,4116
2010,4766
2011,4926
2012,5083
2013,5229
2014,5382
2016,5697
2017,5882
2018,6079
2019,6250
1990,16587
1991,16573
1992,16715
1993,17216
1994,17675
1995,18347
1996,18836
1997,18970
1998,19363
1999,19831
2000,20025
2001,20607
2002,20958
2003,21575
2004,22062
2005,22312
2006,22611
2007,23081
2008,23382
2009,24500
2010,25411
2011,25919
2012,26528
2013,27203
2014,27672
2015,28354
2016,28698
2017,29819
2018,30748
2019,31648
2007,2126460
2008,2168067
2009,2214787
2010,2265802
2011,2296328
2012,2318471
2013,2337453
2014,2378155
2015,2414868
2016,2477718
1990,1458904
1991,1494929
1992,1523458
1993,1559122
1994,1588344
1995,1622611
1996,1660499
1997,1693219
1998,1736175
1999,1794956
2000,1867021
2001,1912694
2002,1956916
2003,2010015
2004,2082868
2005,2113440
2006,2106086
2017,2543288
2018,2621322
2019,2716551
1990,23337
1991,24626
1992,25300
1993,25894
1994,26564
1995,26912
1996,27848
1997,27597
1998,27892
1999,29080
2000,29833
2001,30730
2002,34066
2003,33522
2004,34187
2005,33884
2006,35159
2007,35397
2008,36675
2009,38780
2010,39577
2011,39304
2012,40320
2013,41125
2014,41977
2015,43656
2016,45158
2017,46478
2018,48033
2019,49460
1990,261
1991,267
1992,284
1993,293
1994,307
1995,318
1996,328
1997,333
1998,334
1999,338
2000,351
2001,356
2002,361
2003,361
2004,355
2005,372
2006,363
2007,395
2008,411
2009,402
2010,401
2011,419
2012,433
2013,447
2014,494
2015,506
2016,518
2017,533
2018,535
2019,544
1990,1657
1991,1671
1992,1694
1993,1734
1994,1831
1995,1884
1996,1952
1997,2002
1998,1961
1999,1978
2000,1953
2001,1912
2002,1908
2003,1976
2004,2029
2005,2089
2006,2151
2007,2221
2008,2295
2009,2362
2010,2431
2011,2502
2012,2618
2013,2721
2014,2822
2015,2908
2016,2994
2017,3104
2018,3235
2019,3363
1990,19
1991,19
1992,19
1993,20
1994,20
1995,20
1996,20
1997,20
1998,21
1999,21
2000,21
2001,22
2002,22
2003,23
2004,23
2005,23
2006,24
2007,24
2008,25
2009,25
2010,26
2011,26
2012,27
2013,28
2014,28
2015,29
2016,30
2017,31
2018,31
2019,32
1990,2345
1991,2436
1992,2540
1993,2599
1994,2782
1995,2967
1996,2947
1997,3035
1998,3145
1999,3294
2000,3284
2001,3417
2002,3396
2003,3562
2004,3717
2005,3630
2006,3914
2007,3679
2008,3905
2009,4045
2010,4587
2011,4542
2012,4650
2013,4815
2014,4924
2015,5181
2016,5513
2017,5692
2018,5892
2019,6049
1990,4507
1991,4731
1992,4980
1993,5278
1994,5566
1995,5852
1996,6083
1997,6276
1998,6507
1999,6725
2000,6979
2001,7189
2002,7395
2003,7584
2004,7762
2005,7902
2006,8094
2007,8207
2008,8365
2009,8624
2010,8909
2011,9158
2012,9516
2013,9972
2014,10291
2015,10580
2016,10641
2017,10866
2018,11345
2019,11587
1990,11658
1991,11493
1992,11540
1993,11552
1994,11486
1995,11539
1996,11820
1997,12103
1998,11965
1999,11791
2000,11266
2001,11150
2002,11461
2003,12149
2004,12124
2005,12627
2006,12603
2007,12975
2008,13740
2009,13729
2010,13838
2011,13947
2012,14144
2013,13916
2014,14200
2015,14693
2016,14034
2017,14012
2018,13969
2019,14024
1990,14864
1991,15061
1992,15512
1993,15848
1994,15997
1995,16054
1996,16095
1997,16127
1998,16573
1999,17039
2000,17343
2001,17979
2002,17914
2003,18784
2004,19484
2005,20350
2006,20229
2007,20907
2008,21675
2009,22288
2010,22905
2011,22356
2012,23371
2013,24014
2014,24740
2015,25823
2016,26281
2017,27465
2018,27991
2019,27785
1990,945
1991,978
1992,1018
1993,1044
1994,1056
1995,1079
1996,1091
1997,1109
1998,1130
1999,1155
2000,1179
2001,1209
2002,1260
2003,1308
2004,1381
2005,1472
2006,1553
2007,1636
2008,1702
2009,1764
2010,1805
2011,1843
2012,1892
2013,1952
2014,2023
2015,2084
2016,2117
2017,2145
2018,2214
2019,2291
1990,28420
1991,27776
1992,27614
1993,27175
1994,27466
1995,28140
1996,27674
1997,27994
1998,27337
1999,27241
2000,27253
2001,26126
2002,27633
2003,29092
2004,28922
2005,29301
2006,28996
2007,29302
2008,29797
2009,29883
2010,30170
2011,30026
2012,29843
2013,29659
2014,29145
2015,29394
2016,29535
2017,29820
2018,30505
2019,30718
1990,18563
1991,19173
1992,19598
1993,19844
1994,20147
1995,20653
1996,21354
1997,21205
1998,21595
1999,21976
2000,22363
2001,22741
2002,22974
2003,23690
2004,23999
2005,24266
2006,24740
2007,25114
2008,25782
2009,26397
2010,27047
2011,28015
2012,29029
2013,30061
2014,31090
2015,31908
2016,32845
2017,33993
2018,35586
2019,36862
1990,15158
1991,15218
1992,15459
1993,15761
1994,16219
1995,16475
1996,16484
1997,16415
1998,16320
1999,16498
2000,16384
2001,16572
2002,16713
2003,16713
2004,16759
2005,16753
2006,16992
2007,17172
2008,17285
2009,17514
2010,17632
2011,17448
2012,17464
2013,17464
2014,17440
2015,17459
2016,17626
2017,17867
2018,18188
2019,18488
1990,179
1991,184
1992,193
1993,208
1994,213
1995,229
1996,241
1997,251
1998,270
1999,283
2000,294
2001,306
2002,323
2003,335
2004,366
2005,385
2006,400
2007,423
2008,443
2009,460
2010,487
2011,511
2012,537
2013,563
2014,575
2015,604
2016,631
2017,669
2018,712
2019,750
1990,142
1991,144
1992,143
1993,144
1994,146
1995,147
1996,148
1997,148
1998,147
1999,150
2000,152
2001,152
2002,155
2003,156
2004,156
2005,156
2006,157
2007,158
2008,159
2009,161
2010,164
2011,167
2012,169
2013,172
2014,174
2015,175
2016,176
2017,178
2018,180
2019,182
1990,3366
1991,3441
1992,3515
1993,3686
1994,3808
1995,4010
1996,4336
1997,4629
1998,4872
1999,5155
2000,5352
2001,5626
2002,5926
2003,6324
2004,6773
2005,7166
2006,7421
2007,7524
2008,7654
2009,7857
2010,8041
2011,8295
2012,8792
2013,9367
2014,9787
2015,10231
2016,10469
2017,10545
2018,10658
2019,10808
1990,2123668
1991,2181404
1992,2234150
1993,2292906
1994,2344349
1995,2405653
1996,2465637
1997,2514872
1998,2584692
1999,2669275
2000,2755517
2001,2811586
2002,2872606
2003,2949432
2004,3046554
2005,3104445
2006,3118213
2007,3164261
2008,3231713
2009,3300889
2010,3379630
2011,3441301
2012,3487351
2013,3528244
2014,3593731
2015,3653914
2016,3748229
2017,3842668
2018,3956856
2019,4090361
1990,192228
1991,197838
1992,204305
1993,210981
1994,217860
1995,225267
1996,231807
1997,239558
1998,245947
1999,253398
2000,261294
2001,269905
2002,277848
2003,286114
2004,293975
2005,302243
2006,311207
2007,319672
2008,331687
2009,343319
2010,354148
2011,364949
2012,377589
2013,391895
2014,406264
2015,420729
2016,434638
2017,447954
2018,462562
2019,477361
1990,6238
1991,6751
1992,6887
1993,6963
1994,7143
1995,7258
1996,7685
1997,7721
1998,8174
1999,8452
2000,8674
2001,8802
2002,9989
2003,10762
2004,11309
2005,12035
2006,12616
2007,13076
2008,13517
2009,13795
2010,14163
2011,14346
2012,15063
2013,15472
2014,15648
2015,15717
2016,16294
2017,16808
2018,17279
2019,17627
2008,42135
2009,44866
2010,46171
2011,47360
2014,50183
2015,52885
2016,54414
1990,23605
1991,23951
1992,24212
1993,25319
1994,26295
1995,26667
1996,27486
1997,28493
1998,29155
1999,30113
2000,30582
2001,32833
2002,34528
2003,36300
2004,37419
2005,38242
2006,39646
2007,40485
2012,48813
2013,48629
2017,55291
2018,56627
2019,57934
1990,2601
1991,2684
1992,2857
1993,3014
1994,3187
1995,3203
1996,3339
1997,3596
1998,3908
1999,3852
2000,3951
2001,4039
2002,4025
2003,4201
2004,4408
2005,4522
2006,4610
2007,4633
2008,4581
2009,4823
2010,4670
2011,4839
2012,4683
2013,4931
2014,5297
2015,5408
2016,5493
2017,5608
2018,5734
2019,5905
1990,141511
1991,141199
1992,140949
1993,141186
1994,139722
1995,139994
1996,138978
1997,138093
1998,138535
1999,138775
2000,137155
2001,136243
2002,137516
2003,138012
2004,136692
2005,136339
2006,136832
2007,137934
2008,139223
2009,138881
2010,139474
2011,141089
2012,143740
2013,146399
2014,148044
2015,150941
2016,152622
2017,154182
2018,157938
2019,160593
2007,354
2010,407
2014,482
1990,236
1991,238
1992,238
1993,241
1994,244
1995,250
1996,257
1997,255
1998,258
1999,265
2000,270
2001,273
2002,276
2003,288
2004,305
2005,321
2006,340
2008,369
2009,389
2011,435
2012,453
2013,465
2015,504
2016,534
2017,559
2018,584
2019,602
1990,1309
1991,1305
1992,1363
1993,1435
1994,1537
1995,1661
1996,1717
1997,1786
1998,1829
1999,1904
2000,1986
2001,2054
2002,2217
2003,2312
2004,2412
2005,2480
2006,2546
2007,2612
2008,2684
2009,2737
2010,2792
2011,2854
2012,2938
2013,3025
2014,3105
2015,3208
2016,3306
2017,3410
2018,3537
2019,3674
1990,3486
1991,3605
1992,3535
1993,3742
1994,3896
1995,3685
1996,3314
1997,3347
1998,3525
1999,3407
2000,3439
2001,3576
2002,3549
2003,3545
2004,3589
2005,3622
2006,3711
2007,3870
2008,3795
2009,3832
2010,3695
2011,3809
2012,3806
2013,3740
2014,3838
2015,3774
2016,3882
2017,3862
2018,3844
2019,3832
1990,406
1991,423
1992,435
1993,446
1994,467
1995,499
1996,534
1997,560
1998,603
1999,653
2000,723
2001,783
2002,841
2003,881
2004,903
2005,915
2006,910
2007,910
2008,914
2009,918
2010,909
2011,901
2012,906
2013,910
2014,916
2015,923
2016,930
2017,942
2018,959
2019,979
2007,29862
2008,30071
2009,30352
1990,28570
1991,28799
1992,29443
1993,29730
1994,29868
1995,29930
1996,29733
1997,29720
1998,29961
1999,29981
2000,29461
2001,29217
2002,29323
2003,29345
2004,29408
2005,29742
2006,29733
2010,30588
2011,31227
2012,31634
2013,32442
2014,33588
2015,34455
2016,35633
2017,37017
2018,38393
2019,39600
1990,1773215
1991,1796891
1992,1828171
1993,1887995
1994,1919286
1995,1920561
1996,1899730
1997,1884209
1998,1882399
1999,1914346
2000,1928293
2001,1938495
2002,1964569
2003,1982005
2004,1977669
2005,2005622
2006,1995296
2007,2012526
2008,2043958
2009,2052021
2010,2068386
2011,2069123
2012,2089961
2013,2101270
2014,2116845
2015,2167192
2016,2172642
2017,2180086
2018,2208524
2019,2239506
1990,1783693
1991,1807913
1992,1839881
1993,1900114
1994,1931876
1995,1933722
1996,1913322
1997,1898201
1998,1896853
1999,1929059
2000,1943242
2001,1953678
2002,1980133
2003,1997797
2004,1993524
2005,2021783
2006,2011833
2007,2029525
2008,2061040
2009,2069318
2010,2086033
2011,2087044
2012,2108180
2013,2119688
2014,2135560
2015,2186383
2016,2192092
2017,2199921
2018,2228927
2019,2260409
1990,415
1991,419
1992,422
1993,427
1994,429
1995,432
1996,439
1997,443
1998,437
1999,456
2000,470
2001,467
2002,473
2003,497
2004,503
2005,528
2006,559
2007,590
2008,618
2009,629
2010,651
2011,672
2012,690
2013,708
2014,726
2015,744
2016,762
2017,779
2018,795
2019,810
1990,10337
1991,10386
1992,10537
1993,10592
1994,10445
1995,10591
1996,10659
1997,10749
1998,10800
1999,10813
2000,10883
2001,10975
2002,11136
2003,11285
2004,11408
2005,11534
2006,11693
2007,11909
2008,12089
2009,12340
2010,12597
2011,12785
2012,13029
2013,13279
2014,13454
2015,13634
2016,13907
2017,14091
2018,14284
2019,14495
1990,147596
1991,148992
1992,150548
1993,152384
1994,152660
1995,154276
1996,155708
1997,155859
1998,158570
1999,159827
2000,160035
2001,161674
2002,164176
2003,165898
2004,163565
2005,165087
2006,166220
2007,168468
2008,172168
2009,175675
2010,177632
2011,180034
2012,182809
2013,184080
2014,184299
2015,188774
2016,187823
2017,191346
2018,193603
2019,197313
1996,
1997,
1995,
1990,4611648
1991,4699405
1992,4793989
1993,4933015
1994,5031806
1995,5103666
1996,5171647
1997,5254922
1998,5355593
1999,5480271
2000,5598759
2001,5692385
2002,5799288
2003,5901243
2004,5984509
2005,6098677
2006,6136984
2007,6227962
2008,6360507
2009,6461548
2010,6580426
2011,6677705
2012,6773024
2013,6869687
2014,6983275
2015,7127618
2016,7274468
2017,7408950
2018,7606365
2019,7825691
1990,806
1991,822
1992,836
1993,845
1994,873
1995,907
1996,932
1997,943
1998,955
1999,961
2000,981
2001,1004
2002,1008
2003,1034
2004,1050
2005,1058
2006,1084
2007,1103
2008,1132
2009,1139
2010,1137
2011,1163
2012,1179
2013,1193
2014,1222
2015,1261
2016,1304
2017,1350
2018,1395
2019,1436
2007,723
2008,719
2009,753
2012,761
1990,318
1991,338
1992,363
1993,371
1994,384
1995,430
1996,424
1997,447
1998,484
1999,534
2000,523
2001,531
2002,555
2003,591
2004,660
2005,693
2006,701
2010,767
2011,733
2013,798
2014,874
2015,872
2016,939
2017,1013
2018,1036
2019,1070
1990,8161
1991,8108
1992,7864
1993,7335
1994,7024
1995,6384
1996,6046
1997,6116
1998,6194
1999,6276
2000,6401
2001,6451
2002,6803
2003,7020
2004,7218
2005,7145
2006,7140
2007,7121
2008,7416
2009,7742
2010,8023
2011,8269
2012,8436
2013,8367
2014,8354
2015,8523
2016,8537
2017,8487
2018,8418
2019,8327
1990,202621
1991,203710
1992,203503
1993,206180
1994,209315
1995,213267
1996,216937
1997,219700
1998,224417
1999,232455
2000,243529
2001,249281
2002,255686
2003,259062
2004,259846
2005,261980
2006,262584
2007,263688
2008,264802
2009,264542
2010,258984
2011,254502
2012,253690
2013,255452
2014,254813
2015,260050
2016,262849
2017,265156
2018,268961
2019,274088
1990,7350
1991,7639
1992,7995
1993,8346
1994,8631
1995,8894
1996,9244
1997,9715
1998,10082
1999,10456
2000,10869
2001,11037
2002,11179
2003,11275
2004,11404
2005,11610
2006,11811
2007,12013
2008,12382
2009,12801
2010,13292
2011,13882
2012,14332
2013,14777
2014,15345
2015,15954
2016,16726
2017,17471
2018,17900
2019,18509
1990,23726
1991,24536
1992,25363
1993,25785
1994,26304
1995,26840
1996,27285
1997,27625
1998,28280
1999,28971
2000,29421
2001,29783
2002,30000
2003,30307
2004,30556
2005,30654
2006,30777
2007,31382
2008,31598
2009,31443
2010,31350
2011,31956
2012,32636
2013,32566
2014,32688
2015,33165
2016,33581
2017,33865
2018,34702
2019,35234
1990,97
1991,99
1992,100
1993,105
1994,108
1995,111
1996,114
1997,116
1998,119
1999,121
2000,123
2001,125
2002,127
2003,127
2004,125
2005,127
2006,130
2007,133
2008,135
2009,137
2010,139
2011,141
2012,142
2013,144
2014,145
2015,145
2016,148
2017,151
2018,154
2019,157
1990,133
1991,131
1992,131
1993,130
1994,127
1995,124
1996,123
1997,121
1998,122
1999,129
2000,132
2001,135
2002,139
2003,140
2004,143
2005,143
2006,146
2007,149
2008,152
2009,155
2010,158
2011,160
2012,155
2013,159
2014,163
2015,168
2016,177
2017,180
2018,184
2019,188
1991,
1990,89
1991,92
1992,95
1993,99
1994,102
1995,101
1996,101
1997,102
1998,105
1999,108
2000,114
2001,118
2002,123
2003,126
2004,128
2005,128
2006,133
2007,138
2008,143
2009,150
2010,154
2011,157
2012,164
2013,172
2014,179
2015,186
2016,191
2017,196
2018,200
2019,207
1990,3950
1991,4298
1992,4603
1993,4962
1994,5284
1995,5191
1996,5296
1997,5781
1998,6232
1999,6485
2000,6960
2001,7307
2002,7627
2003,8032
2004,8438
2005,8717
2006,9045
2007,9183
2008,9355
2009,9732
2010,10103
2011,10344
2012,10519
2013,10712
2014,10939
2015,11211
2016,11520
2017,11758
2018,12150
2019,12605
1990,4626
1991,4777
1992,4944
1993,5114
1994,5317
1995,5486
1996,5653
1997,5831
1998,6025
1999,6192
2000,6282
2001,6414
2002,6569
2003,6684
2004,6835
2005,6960
2006,7093
2007,7191
2008,7282
2009,7372
2010,7522
2011,7628
2012,7750
2013,7880
2014,8028
2015,8143
2016,8211
2017,8284
2018,8402
2019,8426
1990,574
1991,578
1992,582
1993,587
1994,592
1995,598
1996,603
1997,606
1998,611
1999,616
2000,626
2001,640
2002,659
2003,677
2004,702
2005,713
2006,731
2007,759
2008,775
2009,792
2010,808
2011,824
2012,838
2013,860
2014,881
2015,900
2016,925
2017,944
2018,956
2019,976
1990,513
1991,493
1992,483
1993,505
1994,496
1995,504
1996,528
1997,525
1998,534
1999,545
2000,604
2001,588
2002,596
2003,596
2004,601
2005,604
2006,605
2007,622
2008,634
2009,634
2010,655
2011,665
2012,684
2013,693
2014,717
2015,722
2016,734
2017,749
2018,767
2019,780
1990,5836
1991,5824
1992,5931
1993,6008
1994,6054
1995,6111
1996,6106
1997,6206
1998,6153
1999,6302
2000,6444
2001,6651
2002,6820
2003,7041
2004,7277
2005,7484
2006,7675
2007,7892
2008,8072
2009,8256
2010,8318
2011,8491
2012,8736
2013,8996
2014,9244
2015,9507
2016,9739
2017,9980
2018,10254
2019,10517
1990,2208
1991,2252
1992,2412
1993,2472
1994,2542
1995,2790
1996,2953
1997,3054
1998,3158
1999,3273
2000,3379
2001,3517
2002,3670
2003,3840
2004,4009
2005,4162
2006,4331
2007,4509
2008,4735
2009,4999
2010,5311
2011,5749
2012,6286
2013,6492
2014,6689
2015,6879
2016,7092
2017,7307
2018,7532
2019,7743
1990,
1991,
1992,
1994,
1995,
1996,
2000,
2001,
2005,
2008,
1990,31280
1991,31433
1992,32909
1993,33455
1994,33370
1995,33647
1996,32860
1997,33325
1998,34412
1999,35153
2000,34527
2001,34712
2002,35369
2003,36101
2004,35952
2005,36538
2006,36166
2007,36688
2008,36025
2009,36192
2010,35779
2011,35470
2012,34861
2013,33888
2014,34052
2015,34557
2016,33971
2017,34277
2018,34832
2019,34293
1990,439
1991,448
1992,456
1993,463
1994,473
1995,486
1996,496
1997,502
1998,506
1999,503
2000,502
2001,511
2002,523
2003,527
2004,534
2005,546
2006,561
2007,573
2008,578
2009,588
2010,594
2011,600
2012,609
2013,611
2014,594
2015,605
2016,617
2017,625
2018,636
2019,654
2007,601219
2008,625818
2009,634222
2012,707505
2013,739345
2015,801613
1990,376687
1991,387105
1992,395789
1993,406002
1994,417586
1995,423498
1996,442878
1997,473691
1998,486666
1999,489035
2000,499674
2001,515066
2002,526889
2003,529603
2004,525969
2005,551872
2006,576557
2010,657124
2011,684892
2014,760977
2016,833843
2017,860385
2018,898606
2019,932587
2007,164406
2008,168946
2009,173532
2013,193469
2015,202962
2016,209282
1990,95636
1991,98800
1992,102344
1993,105995
1994,109559
1995,113315
1996,117565
1997,121912
1998,126010
1999,130040
2000,134197
2001,137844
2002,141586
2003,145558
2004,149842
2005,154637
2006,159526
2010,177788
2011,183379
2012,188339
2014,198139
2017,215810
2018,222732
2019,229524
2007,41218
2008,42918
2009,44685
2010,46722
2011,48991
2012,51230
2013,53763
2014,56475
2015,59217
2016,61079
1990,26647
1991,27115
1992,27599
1993,28131
1994,28677
1995,29282
1996,29918
1997,30500
1998,31120
1999,31651
2000,32533
2001,33650
2002,34545
2003,35553
2004,36771
2005,38266
2006,39845
2017,62872
2018,64696
2019,66792
2007,13553
2008,14437
2009,14879
2010,15789
2011,16756
2012,17908
2013,19164
2014,20123
2015,20714
2016,21435
1990,7968
1991,8247
1992,8613
1993,8900
1994,9112
1995,9413
1996,9738
1997,10027
1998,10284
1999,10559
2000,10884
2001,11258
2002,11647
2003,12083
2004,12434
2005,12731
2006,13051
2017,22210
2018,23326
2019,24413
1990,7338
1991,7388
1992,7467
1993,7539
1994,7488
1995,7602
1996,7591
1997,7647
1998,7725
1999,7869
2000,7903
2001,7856
2002,7897
2003,7960
2004,8083
2005,8111
2006,8278
2007,8387
2008,8560
2009,8746
2010,8711
2011,9017
2012,9148
2013,9289
2014,9389
2015,9537
2016,9627
2017,9843
2018,10113
2019,10384
1990,7083
1991,7583
1992,8083
1993,8383
1994,8781
1995,9230
1996,9528
1997,9795
1998,10099
1999,10275
2000,10437
2001,10531
2002,10730
2003,10875
2004,10900
2005,11078
2006,11273
2007,11578
2008,11656
2009,11751
2010,12037
2011,12314
2012,12499
2013,12688
2014,12855
2015,13222
2016,13386
2017,13700
2018,14212
2019,14627
1990,150468
1991,153729
1992,155014
1993,156976
1994,159152
1995,160486
1996,162212
1997,163875
1998,166834
1999,167759
2000,168116
2001,169591
2002,170780
2003,172929
2004,170704
2005,171231
2006,172461
2007,174694
2008,177251
2009,179228
2010,179568
2011,181479
2012,183217
2013,182582
2014,183059
2015,186938
2016,185133
2017,186417
2018,189590
2019,192052
2007,3377
2008,3812
2009,4009
1990,2048
1991,1985
1992,2069
1993,2185
1994,2251
1995,2265
1996,2440
1997,2628
1998,2845
1999,3057
2000,3173
2001,3251
2002,3177
2003,3112
2004,3055
2005,2959
2006,3042
2010,3625
2011,3874
2012,3674
2013,3694
2014,3960
2015,4045
2016,4105
2017,4161
2018,4230
2019,4338
2007,372831
2008,379320
2009,384511
2010,394137
2012,409993
2013,414556
2014,417643
2015,420328
2016,425630
1990,242827
1991,250951
1992,260596
1993,268657
1994,274431
1995,286045
1996,291298
1997,297977
1998,309916
1999,319388
2000,322782
2001,326594
2002,332266
2003,341661
2004,349905
2005,360992
2006,365726
2011,404601
2017,427813
2018,434600
2019,442474
2007,2664
2008,2744
2009,2889
2014,3958
2015,4234
1990,1388
1991,1434
1992,1473
1993,1564
1994,1626
1995,1694
1996,1758
1997,1799
1998,1853
1999,1899
2000,1934
2001,1993
2002,2066
2003,2129
2004,2278
2005,2439
2006,2587
2010,3066
2011,3268
2012,3483
2013,3694
2016,4557
2017,4891
2018,5268
2019,5643
1990,22895
1991,22916
1992,23235
1993,24134
1994,24450
1995,24581
1996,23903
1997,22943
1998,21994
1999,21251
2000,20999
2001,20874
2002,20916
2003,21087
2004,20991
2005,21172
2006,21240
2007,21195
2008,20846
2009,20594
2010,20891
2011,20998
2012,21027
2013,20447
2014,20181
2015,20092
2016,20350
2017,20468
2018,20896
2019,21073
2007,14604
2008,15287
2009,16101
1990,6900
1991,7163
1992,7433
1993,7671
1994,7923
1995,8181
1996,8454
1997,8786
1998,9151
1999,9477
2000,9988
2001,10390
2002,11078
2003,11879
2004,12532
2005,13213
2006,13945
2010,17166
2011,17798
2012,18350
2013,18896
2014,19431
2015,19977
2016,20617
2017,21394
2018,22346
2019,23292
1990,75
1991,77
1992,78
1993,79
1994,79
1995,79
1996,80
1997,82
1998,84
1999,86
2000,87
2001,89
2002,90
2003,91
2004,93
2005,94
2006,96
2007,99
2008,102
2009,105
2010,107
2011,109
2012,111
2013,113
2014,114
2015,117
2016,119
2017,122
2018,125
2019,128
1999,
2000,
2001,
2002,
2003,
2004,
2005,
2006,
2007,
2008,
2009,
2010,
2011,
2012,
2013,
2014,
2015,
2016,
2017,
2007,945
2008,1077
2009,1076
2013,1152
1990,501
1991,455
1992,432
1993,459
1994,490
1995,522
1996,539
1997,604
1998,612
1999,664
2000,690
2001,678
2002,730
2003,744
2004,785
2005,835
2006,899
2010,1026
2011,1039
2012,1106
2014,1203
2015,1255
2016,1347
2017,1439
2018,1545
2019,1653
1990,4113
1991,4168
1992,4168
1993,4270
1994,4372
1995,4259
1996,4005
1997,3830
1998,3704
1999,3530
2000,3467
2001,3415
2002,3413
2003,3466
2004,3419
2005,3451
2006,3544
2007,3564
2008,3557
2009,3499
2010,3539
2011,3626
2012,3678
2013,3736
2014,3823
2015,3947
2016,3926
2017,4020
2018,4050
2019,4150
1990,3057
1991,3110
1992,3170
1993,3225
1994,3275
1995,3329
1996,3361
1997,3397
1998,3430
1999,3459
2000,3460
2001,3495
2002,3498
2003,3516
2004,3538
2005,3583
2006,3630
2007,3679
2008,3761
2009,3821
2010,3876
2011,3934
2012,4008
2013,4111
2014,4229
2015,4365
2016,4499
2017,4637
2018,4804
2019,4975
1990,359499
1991,365925
1992,377806
1993,390873
1994,401058
1995,412301
1996,424062
1997,434068
1998,448783
1999,460751
2000,470664
2001,483098
2002,500356
2003,515070
2004,525732
2005,535234
2006,547907
2007,561119
2008,577279
2009,597210
2010,609389
2011,620975
2012,635133
2013,652176
2014,666007
2015,683375
2016,706046
2017,723154
2018,740600
2019,762569
1990,5626
1991,5635
1992,5738
1993,6285
1994,6711
1995,6298
1996,5532
1997,5419
1998,5709
1999,5537
2000,5481
2001,5773
2002,5771
2003,5780
2004,5832
2005,6109
2006,6447
2007,6456
2008,6207
2009,6102
2010,6111
2011,6063
2012,5998
2013,6092
2014,5966
2015,5842
2016,5635
2017,5608
2018,5609
2019,5601
1990,2932
1991,2993
1992,3078
1993,3159
1994,3210
1995,3285
1996,3379
1997,3496
1998,3611
1999,3782
2000,3975
2001,4198
2002,4422
2003,4648
2004,4869
2005,5093
2006,5315
2007,5532
2008,5725
2009,5921
2010,6105
2011,6332
2012,6547
2013,6740
2014,6892
2015,7016
2016,7136
2017,7254
2018,7379
2019,7493
1990,1069
1991,1083
1992,1107
1993,1131
1994,1168
1995,1199
1996,1230
1997,1272
1998,1345
1999,1420
2000,1518
2001,1570
2002,1640
2003,1718
2004,1772
2005,1811
2006,1834
2007,1858
2008,1898
2009,1917
2010,1962
2011,1996
2012,2058
2013,2113
2014,2155
2015,2177
2016,2168
2017,2163
2018,2184
2019,2216
1990,1163
1991,1193
1992,1205
1993,1202
1994,1202
1995,1184
1996,1211
1997,1193
1998,1194
1999,1188
2000,1210
2001,1219
2002,1244
2003,1260
2004,1290
2005,1332
2006,1392
2007,1441
2008,1494
2009,1568
2010,1642
2011,1696
2012,1773
2013,1821
2014,1824
2015,1853
2016,1882
2017,1916
2018,1982
2019,2053
2007,3370
2008,3562
2009,3770
2010,3822
1990,2033
1991,2066
1992,2096
1993,2139
1994,2179
1995,2214
1996,2248
1997,2359
1998,2487
1999,2591
2000,2670
2001,2745
2002,2831
2003,2868
2004,2834
2005,2901
2006,3022
2011,3945
2012,4069
2013,4225
2014,4424
2015,4599
2016,4781
2017,4979
2018,5202
2019,5435
1990,7018
1991,7355
1992,7289
1993,7953
1994,8160
1995,8048
1996,7681
1997,7429
1998,7596
1999,7597
2000,7634
2001,7991
2002,7965
2003,8058
2004,8077
2005,8483
2006,8640
2007,9074
2008,8931
2009,8383
2010,8535
2011,8428
2012,8371
2013,8453
2014,8251
2015,8409
2016,8404
2017,7956
2018,7947
2019,7870
1990,1039
1991,1048
1992,1047
1993,1054
1994,1052
1995,1059
1996,1059
1997,1058
1998,1068
1999,1070
2000,1085
2001,1075
2002,1084
2003,1089
2004,1112
2005,1122
2006,1135
2007,1141
2008,1144
2009,1164
2010,1175
2011,1184
2012,1197
2013,1209
2014,1216
2015,1207
2016,1195
2017,1226
2018,1258
2019,1295
1995,
1996,
1997,
1998,
1990,5984
1991,6020
1992,6066
1993,6222
1994,6112
1995,6324
1996,6391
1997,6511
1998,6650
1999,6651
2000,6708
2001,6782
2002,6979
2003,7131
2004,7254
2005,7361
2006,7419
2007,7520
2008,7797
2009,8040
2010,8226
2011,8457
2012,8699
2013,8933
2014,9214
2015,9508
2016,9844
2017,10224
2018,10639
2019,11011
1990,6028
1991,6155
1992,6256
1993,6276
1994,6300
1995,6330
1996,6361
1997,6463
1998,6645
1999,6877
2000,7022
2001,7039
2002,7146
2003,7296
2004,7374
2005,7396
2006,7401
2007,7398
2008,7446
2009,7681
2010,7991
2011,8300
2012,8472
2013,8621
2014,8787
2015,9005
2016,9210
2017,9425
2018,9788
2019,10110
2007,19362
2008,20346
2010,21545
2013,23242
2014,24611
2015,25722
2016,27133
1990,11157
1991,11395
1992,11770
1993,12292
1994,12971
1995,13847
1996,14025
1997,14298
1998,14502
1999,16058
2000,15811
2001,16144
2002,16690
2003,17388
2004,17720
2005,18170
2006,18801
2009,21279
2011,22087
2012,22922
2017,28348
2018,29603
2019,31294
1990,95
1991,98
1992,101
1993,103
1994,103
1995,105
1996,110
1997,114
1998,114
1999,113
2000,116
2001,119
2002,117
2003,119
2004,120
2005,121
2006,125
2007,129
2008,134
2009,138
2010,143
2011,148
2012,154
2013,160
2014,167
2015,173
2016,182
2017,192
2018,203
2019,214
1990,4603
1991,4669
1992,4776
1993,4872
1994,4991
1995,5125
1996,5203
1997,5264
1998,5302
1999,5356
2000,5464
2001,5532
2002,5702
2003,5815
2004,5949
2005,6086
2006,6227
2007,6425
2008,6621
2009,6829
2010,7024
2011,7166
2012,7330
2013,7524
2014,7745
2015,8044
2016,8499
2017,8860
2018,9107
2019,9336
1990,615
1991,619
1992,626
1993,635
1994,638
1995,655
1996,668
1997,682
1998,686
1999,702
2000,721
2001,737
2002,755
2003,768
2004,777
2005,782
2006,790
2007,810
2008,831
2009,851
2010,868
2011,885
2012,901
2013,913
2014,928
2015,919
2016,941
2017,960
2018,979
2019,1002
1990,26
1991,27
1992,27
1993,28
1994,27
1995,28
1996,29
1997,30
1998,31
1999,31
2000,32
2001,33
2002,34
2003,35
2004,36
2005,37
2006,38
2007,39
2008,40
2009,41
2010,42
2011,43
2012,44
2013,46
2014,47
2015,48
2016,49
2017,51
2018,52
2019,54
1991,
1992,
1990,1151
1991,1154
1992,1167
1993,1186
1994,1167
1995,1153
1996,1170
1997,1176
1998,1202
1999,1193
2000,1216
2001,1255
2002,1288
2003,1307
2004,1360
2005,1396
2006,1462
2007,1478
2008,1505
2009,1585
2010,1613
2011,1667
2012,1753
2013,1813
2014,1811
2015,1859
2016,1883
2017,1972
2018,2013
2019,2064
1990,668
1991,670
1992,708
1993,732
1994,753
1995,755
1996,768
1997,802
1998,806
1999,836
2000,865
2001,906
2002,938
2003,979
2004,991
2005,1018
2006,1035
2007,1039
2008,1094
2009,1132
2010,1146
2011,1153
2012,1197
2013,1224
2014,1279
2015,1324
2016,1375
2017,1446
2018,1485
2019,1517
1990,47078
1991,47898
1992,49311
1993,51003
1994,52572
1995,54492
1996,55907
1997,57687
1998,59271
1999,60134
2000,60780
2001,61870
2002,64169
2003,66271
2004,67109
2005,69741
2006,70588
2007,71827
2008,75631
2009,78836
2010,79007
2011,79957
2012,82363
2013,87008
2014,89821
2015,91814
2016,94653
2017,99314
2018,102409
2019,106421
1990,74
1991,75
1992,77
1993,78
1994,79
1995,80
1996,81
1997,81
1998,82
1999,82
2000,83
2001,84
2002,84
2003,85
2004,86
2005,87
2006,89
2007,90
2008,92
2009,94
2010,95
2011,96
2012,98
2013,100
2014,102
2015,103
2016,105
2017,107
2018,110
2019,112
1990,114810
1991,118172
1992,121792
1993,125766
1994,129453
1995,133038
1996,136732
1997,140770
1998,144381
1999,148363
2000,151672
2001,157067
2002,162261
2003,167576
2004,172462
2005,177878
2006,184209
2007,190481
2008,198284
2009,206501
2010,214066
2011,221948
2012,230220
2013,238558
2014,247523
2015,257627
2016,266003
2017,274225
2018,283889
2019,293600
1990,6280
1991,6444
1992,6032
1993,6086
1994,6622
1995,6601
1996,6108
1997,5487
1998,5211
1999,5229
2000,5267
2001,5248
2002,5400
2003,5557
2004,5623
2005,6006
2006,6007
2007,6094
2008,6164
2009,6320
2010,6616
2011,6133
2012,6265
2013,6221
2014,6580
2015,6896
2016,6779
2017,6421
2018,6328
2019,6245
1990,139
1991,141
1992,143
1993,146
1994,148
1995,152
1996,156
1997,161
1998,168
1999,176
2000,185
2001,192
2002,197
2003,201
2004,204
2005,206
2006,209
2007,211
2008,213
2009,215
2010,216
2011,218
2012,219
2013,221
2014,222
2015,222
2016,222
2017,223
2018,224
2019,225
2007,3914
2008,4036
2009,4229
1990,2920
1991,3017
1992,3082
1993,3149
1994,3202
1995,3297
1996,3363
1997,3356
1998,3366
1999,3390
2000,3425
2001,3510
2002,3534
2003,3583
2004,3633
2005,3727
2006,3834
2010,4401
2011,4543
2012,4633
2013,4734
2014,4827
2015,4985
2016,5261
2017,5478
2018,5702
2019,5961
1990,952
1991,941
1992,961
1993,1009
1994,1052
1995,1080
1996,1115
1997,1167
1998,1192
1999,1208
2000,1237
2001,1282
2002,1325
2003,1370
2004,1406
2005,1442
2006,1462
2007,1477
2008,1491
2009,1507
2010,1512
2011,1528
2012,1534
2013,1559
2014,1586
2015,1607
2016,1625
2017,1643
2018,1640
2019,1644
1990,11070
1991,11483
1992,12146
1993,12667
1994,12949
1995,13292
1996,13608
1997,14016
1998,14347
1999,14848
2000,14921
2001,15263
2002,15638
2003,16300
2004,16803
2005,17335
2006,17923
2007,18575
2008,19150
2009,19735
2010,20312
2011,20906
2012,21615
2013,23325
2014,23982
2015,24665
2016,25420
2017,26250
2018,27143
2019,27967
1990,5897
1991,5908
1992,5992
1993,6150
1994,6306
1995,6428
1996,6560
1997,6732
1998,6910
1999,7094
2000,7275
2001,7280
2002,7435
2003,7605
2004,7879
2005,8203
2006,8681
2007,9078
2008,9547
2009,9928
2010,10350
2011,10695
2012,11137
2013,11533
2014,11888
2015,12192
2016,12434
2017,12734
2018,13082
2019,13531
1990,33591
1991,34347
1992,35021
1993,35681
1994,36318
1995,36981
1996,37623
1997,38230
1998,38858
1999,39417
2000,39773
2001,39995
2002,40432
2003,41011
2004,41875
2005,42297
2006,42947
2007,43153
2008,43258
2009,43614
2010,43756
2011,44331
2012,44636
2013,45665
2014,46697
2015,47791
2016,49178
2017,50128
2018,51238
2019,52674
1990,613
1991,633
1992,659
1993,682
1994,714
1995,744
1996,773
1997,809
1998,854
1999,904
2000,960
2001,982
2002,1019
2003,1061
2004,1077
2005,1089
2006,1088
2007,1102
2008,1128
2009,1172
2010,1214
2011,1237
2012,1280
2013,1335
2014,1395
2015,1443
2016,1487
2017,1524
2018,1568
2019,1600
1990,7
1991,7
1992,7
1993,7
1994,7
1995,7
1996,8
1997,8
1998,8
1999,8
2000,8
2001,8
2002,8
2003,8
2004,8
2005,8
2006,8
2007,8
2008,8
2009,8
2010,7
2011,7
2012,7
2013,7
2014,7
2015,7
2016,7
2017,7
2018,8
2019,8
1990,9488
1991,9602
1992,9694
1993,9883
1994,9990
1995,10109
1996,10169
1997,10312
1998,10446
1999,10603
2000,10781
2001,10939
2002,11145
2003,11435
2004,11828
2005,12327
2006,12822
2007,13333
2008,13872
2009,14455
2010,15059
2011,15766
2012,16514
2013,17293
2014,18028
2015,18805
2016,19491
2017,20175
2018,20905
2019,21609
1990,36424
1991,37243
1992,37878
1993,38790
1994,38763
1995,38707
1996,39769
1997,40055
1998,40448
1999,40907
2000,40556
2001,40990
2002,41054
2003,39454
2004,41609
2005,42369
2006,43748
2007,44748
2008,46029
2009,47071
2010,48019
2011,48950
2012,50183
2013,50842
2014,51271
2015,52591
2016,53752
2017,54442
2018,55456
2019,56513
1992,
1990,6762
1991,6833
1992,6980
1993,7127
1994,7163
1995,7326
1996,7408
1997,7413
1998,7408
1999,7545
2000,7559
2001,7613
2002,7469
2003,7784
2004,7945
2005,8000
2006,8148
2007,8377
2008,8544
2009,8643
2010,8727
2011,8951
2012,9117
2013,9228
2014,9464
2015,9592
2016,9667
2017,9816
2018,10322
2019,10584
1990,1474
1991,1625
1992,1656
1993,1741
1994,1795
1995,2097
1996,2208
1997,2182
1998,2208
1999,2281
2000,2341
2001,2474
2002,2611
2003,2724
2004,2841
2005,3003
2006,2938
2007,3130
2008,3267
2009,3354
2010,3397
2011,3535
2012,3636
2013,3727
2014,3841
2015,3866
2016,4039
2017,4142
2018,4301
2019,4429
1990,2505
1991,2543
1992,2620
1993,2701
1994,2752
1995,2834
1996,2851
1997,2946
1998,3045
1999,3151
2000,3285
2001,3436
2002,3586
2003,3761
2004,3847
2005,4052
2006,4165
2007,4290
2008,4365
2009,4502
2010,4651
2011,4846
2012,5072
2013,5361
2014,5643
2015,5928
2016,6239
2017,6550
2018,6794
2019,6976
2007,55609
2008,57021
2009,59145
2013,70387
2016,75842
1990,34236
1991,35172
1992,36234
1993,37283
1994,38162
1995,38843
1996,39405
1997,40298
1998,41305
1999,42312
2000,43405
2001,44569
2002,46497
2003,48197
2004,50181
2005,51932
2006,53931
2010,61627
2011,64551
2012,67786
2014,72209
2015,73971
2017,77596
2018,79466
2019,81558
1990,3
1991,3
1992,3
1993,3
1994,3
1995,3
1996,3
1997,3
1998,3
1999,3
2000,3
2001,3
2002,3
2003,3
2004,3
2005,3
2006,3
2007,3
2008,3
2009,3
2010,3
2011,3
2012,3
2013,3
2014,3
2015,3
2016,3
2017,3
2018,3
2019,3
1990,593191
1991,599911
1992,607127
1993,623315
1994,631803
1995,642000
1996,643604
1997,644946
1998,651234
1999,660564
2000,666260
2001,670468
2002,676110
2003,679660
2004,677646
2005,685608
2006,691470
2007,699040
2008,711868
2009,720101
2010,724577
2011,737034
2012,747616
2013,759264
2014,771992
2015,784693
2016,800351
2017,812480
2018,841088
2019,867146
2008,35162
2010,36448
2011,36995
2012,37488
2013,37864
2014,38252
2015,38575
2016,39119
1990,23751
1991,24504
1992,25237
1993,25984
1994,26725
1995,27277
1996,27795
1997,28377
1998,28862
1999,29398
2000,29817
2001,30221
2002,30632
2003,31127
2004,31834
2005,32571
2006,33442
2007,34303
2009,35859
2017,39691
2018,40278
2019,40841
1990,2878
1991,2919
1992,3100
1993,3206
1994,3279
1995,3388
1996,3510
1997,3632
1998,3788
1999,3856
2000,3914
2001,4040
2002,4205
2003,4277
2004,4304
2005,4428
2006,4603
2007,4744
2008,4730
2009,4831
2010,4881
2011,4863
2012,4961
2013,4960
2014,5076
2015,5194
2016,5271
2017,5326
2018,5366
2019,5431
1990,3689
1991,3680
1992,3668
1993,3760
1994,3699
1995,3678
1996,3652
1997,3657
1998,3680
1999,3731
2000,3706
2001,3688
2002,3786
2003,3833
2004,3909
2005,3940
2006,4052
2007,4160
2008,4250
2009,4311
2010,4439
2011,4440
2012,4580
2013,4667
2014,4722
2015,4848
2016,4948
2017,5008
2018,5204
2019,5308
1990,31
1991,33
1992,33
1993,33
1994,33
1995,34
1996,35
1997,38
1998,40
1999,42
2000,45
2001,48
2002,49
2003,50
2004,51
2005,53
2006,55
2007,57
2008,59
2009,61
2010,63
2011,65
2012,66
2013,67
2014,69
2015,72
2016,75
2017,77
2018,79
2019,80
1990,10388
1991,10387
1992,10522
1993,10706
1994,10776
1995,10809
1996,10860
1997,10912
1998,11042
1999,11119
2000,11208
2001,11256
2002,11381
2003,11314
2004,11316
2005,11335
2006,11486
2007,11722
2008,11816
2009,11891
2010,11956
2011,12212
2012,12260
2013,12342
2014,12247
2015,12264
2016,12389
2017,12301
2018,12492
2019,12675
1990,2189591
1991,2223300
1992,2252734
1993,2294658
1994,2323109
1995,2365756
1996,2383833
1997,2404971
1998,2445031
1999,2485480
2000,2503595
2001,2525986
2002,2560198
2003,2591306
2004,2603058
2005,2638912
2006,2665979
2007,2707326
2008,2753506
2009,2792938
2010,2817445
2011,2857608
2012,2897315
2013,2932212
2014,2960255
2015,3011309
2016,3045619
2017,3088459
2018,3159285
2019,3229597
2009,1079
2015,1312
1990,565
1991,584
1992,605
1993,621
1994,643
1995,666
1996,693
1997,717
1998,733
1999,745
2000,766
2001,791
2002,818
2003,831
2004,829
2005,858
2006,917
2007,981
2008,1033
2010,1112
2011,1188
2012,1255
2013,1270
2014,1273
2016,1361
2017,1387
2018,1364
2019,1368
2007,125500
2008,129673
2009,133173
2012,143873
2014,154842
2015,159325
2016,164509
1990,73424
1991,76026
1992,78867
1993,81439
1994,84711
1995,88769
1996,91579
1997,95215
1998,98038
1999,101664
2000,106261
2001,109200
2002,111979
2003,114605
2004,117338
2005,120275
2006,123105
2010,136615
2011,139633
2013,149631
2017,169459
2018,174568
2019,179773
1990,18
1991,19
1992,19
1993,20
1994,21
1995,21
1996,22
1997,23
1998,23
1999,24
2000,25
2001,25
2002,26
2003,26
2004,27
2005,27
2006,27
2007,28
2008,28
2009,28
2010,28
2011,29
2012,29
2013,30
2014,31
2015,32
2016,32
2017,33
2018,34
2019,36
2009,1830
2010,1921
2011,2022
2012,2083
2013,2185
2014,2345
2016,2575
1990,1117
1991,1132
1992,1144
1993,1164
1994,1185
1995,1211
1996,1242
1997,1271
1998,1300
1999,1330
2000,1372
2001,1423
2002,1472
2003,1513
2004,1563
2005,1622
2006,1681
2007,1715
2008,1760
2015,2489
2017,2670
2018,2777
2019,2907
1990,1617
1991,1646
1992,1737
1993,1838
1994,1845
1995,1926
1996,1934
1997,2056
1998,2131
1999,2154
2000,2134
2001,2198
2002,2291
2003,2424
2004,2479
2005,2570
2006,2666
2007,2696
2008,2816
2009,2919
2010,3000
2011,3109
2012,3236
2013,3349
2014,3455
2015,3535
2016,3635
2017,3769
2018,3865
2019,3984
1990,1988
1991,2051
1992,2120
1993,2171
1994,2224
1995,2292
1996,2372
1997,2452
1998,2557
1999,2654
2000,2730
2001,2819
2002,2930
2003,3035
2004,3155
2005,3293
2006,3410
2007,3546
2008,3660
2009,3770
2010,3977
2011,4155
2012,4305
2013,4427
2014,4593
2015,4810
2016,4965
2017,5187
2018,5435
2019,5645
1990,2038
1991,2055
1992,2232
1993,2360
1994,2476
1995,2642
1996,2843
1997,2947
1998,3108
1999,3298
2000,3432
2001,3506
2002,3620
2003,3805
2004,4010
2005,4082
2006,4196
2007,4220
2008,4332
2009,4539
2010,4675
2011,4724
2012,4803
2013,5018
2014,5060
2015,5250
2016,5606
2017,5776
2018,5947
2019,6141
1990,15471
1991,15088
1992,16529
1993,17174
1994,17890
1995,18737
1996,18528
1997,19174
1998,19784
1999,19728
2000,20609
2001,20665
2002,21307
2003,22211
2004,22130
2005,22512
2006,22708
2007,22700
2008,23815
2009,26895
2010,28160
2011,28655
2012,29039
2013,29424
2014,29454
2015,29809
2016,30576
2017,31489
2018,32440
2019,33395
1990,37671
1991,38512
1992,40353
1993,42098
1994,43698
1995,45116
1996,46862
1997,47673
1998,48247
1999,47259
2000,47488
2001,47959
2002,48516
2003,48567
2004,49006
2005,50595
2006,51598
2007,52671
2008,54937
2009,56646
2010,58356
2011,60414
2012,63191
2013,65965
2014,68477
2015,71673
2016,74132
2017,76389
2018,78774
2019,81321
1990,83481
1991,87179
1992,86706
1993,85489
1994,86828
1995,89491
1996,89537
1997,91819
1998,93108
1999,96568
2000,96092
2001,97163
2002,98014
2003,99203
2004,101511
2005,102910
2006,104899
2007,106968
2008,107728
2009,108732
2010,107855
2011,108955
2012,111800
2013,112743
2014,112543
2015,116526
2016,117099
2017,118598
2018,120475
2019,122080
1990,21692
1991,22256
1992,22507
1993,23058
1994,22954
1995,23596
1996,24252
1997,24501
1998,24954
1999,25441
2000,25653
2001,25980
2002,26386
2003,26827
2004,26661
2005,27013
2006,27265
2007,27795
2008,28256
2009,28688
2010,28997
2011,29275
2012,29551
2013,29741
2014,29722
2015,29906
2016,30531
2017,30871
2018,31172
2019,31651
1990,4521
1991,4625
1992,4744
1993,4896
1994,4907
1995,5153
1996,5235
1997,5096
1998,5401
1999,5259
2000,5308
2001,5480
2002,5352
2003,5481
2004,5633
2005,5690
2006,5679
2007,5810
2008,5913
2009,6129
2010,6005
2011,6368
2012,6172
2013,6375
2014,6357
2015,6212
2016,6485
2017,6651
2018,6822
2019,6936
1990,135
1991,143
1992,150
1993,156
1994,158
1995,164
1996,181
1997,194
1998,204
1999,211
2000,217
2001,228
2002,246
2003,263
2004,277
2005,300
2006,333
2007,369
2008,401
2009,434
2010,467
2011,495
2012,526
2013,561
2014,598
2015,626
2016,665
2017,707
2018,767
2019,831
1990,947918
1991,960958
1992,979933
1993,1009028
1994,1027683
1995,1048877
1996,1062151
1997,1073636
1998,1094328
1999,1115759
2000,1131311
2001,1147774
2002,1170795
2003,1188923
2004,1197413
2005,1214813
2006,1233345
2007,1253954
2008,1282827
2009,1310763
2010,1327531
2011,1351202
2012,1376127
2013,1404606
2014,1431173
2015,1461378
2016,1499428
2017,1528490
2018,1574365
2019,1622270
1990,35142
1991,35463
1992,37360
1993,38146
1994,39114
1995,40876
1996,42745
1997,43268
1998,42021
1999,40607
2000,40723
2001,42661
2002,44145
2003,44756
2004,44467
2005,45140
2006,45307
2007,45549
2008,47249
2009,48682
2010,49421
2011,48186
2012,49633
2013,48937
2014,51418
2015,51695
2016,52321
2017,52679
2018,52652
2019,52590
1990,276015
1991,277809
1992,293573
1993,335217
1994,354235
1995,333212
1996,310228
1997,292701
1998,286341
1999,301575
2000,308988
2001,308370
2002,312338
2003,315114
2004,307228
2005,319391
2006,300224
2007,292778
2008,300064
2009,294210
2010,302621
2011,291108
2012,290925
2013,291381
2014,300031
2015,301973
2016,301809
2017,291341
2018,291691
2019,296822
1990,4657
1991,4871
1992,4613
1993,3983
1994,3803
1995,4064
1996,4489
1997,4703
1998,4700
1999,4578
2000,4427
2001,4292
2002,4294
2003,4323
2004,4409
2005,4436
2006,4474
2007,4564
2008,4662
2009,4724
2010,4901
2011,5092
2012,5324
2013,5499
2014,5755
2015,5998
2016,6235
2017,6484
2018,6837
2019,7143
1990,75
1991,66
1992,66
1993,65
1994,66
1995,68
1996,68
1997,67
1998,68
1999,67
2000,67
2001,66
2002,66
2003,66
2004,67
2005,67
2006,69
2007,71
2008,69
2009,70
2010,71
2011,73
2012,75
2013,77
2014,79
2015,81
2016,84
2017,87
2018,90
2019,99
1990,147
1991,150
1992,154
1993,156
1994,156
1995,159
1996,161
1997,161
1998,163
1999,166
2000,170
2001,176
2002,181
2003,184
2004,188
2005,189
2006,192
2007,194
2008,199
2009,202
2010,204
2011,211
2012,221
2013,234
2014,246
2015,255
2016,278
2017,287
2018,297
2019,304
1990,112
1991,114
1992,117
1993,119
1994,120
1995,119
1996,122
1997,122
1998,124
1999,127
2000,130
2001,128
2002,130
2003,131
2004,131
2005,131
2006,134
2007,136
2008,144
2009,150
2010,156
2011,162
2012,169
2013,177
2014,184
2015,191
2016,194
2017,199
2018,204
2019,208
1990,102
1991,104
1992,105
1993,106
1994,108
1995,110
1996,111
1997,112
1998,113
1999,115
2000,117
2001,118
2002,120
2003,122
2004,124
2005,126
2006,128
2007,130
2008,132
2009,133
2010,134
2011,136
2012,138
2013,139
2014,141
2015,144
2016,147
2017,150
2018,153
2019,155
1990,62
1991,63
1992,65
1993,66
1994,68
1995,69
1996,70
1997,71
1998,73
1999,75
2000,77
2001,79
2002,81
2003,84
2004,88
2005,91
2006,93
2007,95
2008,98
2009,100
2010,102
2011,104
2012,106
2013,108
2014,110
2015,112
2016,113
2017,115
2018,116
2019,117
1990,74
1991,76
1992,78
1993,80
1994,82
1995,84
1996,86
1997,89
1998,92
1999,94
2000,93
2001,94
2002,97
2003,95
2004,100
2005,96
2006,102
2007,105
2008,105
2009,108
2010,112
2011,112
2012,114
2013,119
2014,127
2015,130
2016,134
2017,138
2018,142
2019,145
2007,8116
2008,8411
2009,8663
2010,8995
2011,9213
2012,9504
2013,9921
2014,10392
2015,10814
2016,11345
1990,4258
1991,4527
1992,4784
1993,5058
1994,5366
1995,5678
1996,5976
1997,6257
1998,6523
1999,6800
2000,7023
2001,7179
2002,7285
2003,7407
2004,7486
2005,7665
2006,7854
2017,11873
2018,12464
2019,13104
1990,15681
1991,15819
1992,16108
1993,16521
1994,16382
1995,16484
1996,16559
1997,16364
1998,16356
1999,16506
2000,16212
2001,16003
2002,15835
2003,16325
2004,16393
2005,16455
2006,16661
2007,16933
2008,17170
2009,17140
2010,17260
2011,17474
2012,17666
2013,17861
2014,17778
2015,17987
2016,18223
2017,18317
2018,19289
2019,19529
1990,3354
1991,3438
1992,3479
1993,3523
1994,3613
1995,3597
1996,3597
1997,3634
1998,3733
1999,3853
2000,3875
2001,4714
2002,4890
2003,4810
2004,5141
2005,5316
2006,5421
2007,5609
2008,5826
2009,6158
2010,5940
2011,6226
2012,6337
2013,6632
2014,7043
2015,7290
2016,7652
2017,7804
2018,7915
2019,8211
1990,18910
1991,19147
1992,19835
1993,20531
1994,21230
1995,21910
1996,22709
1997,23609
1998,22212
1999,22423
2000,23175
2001,23316
2002,23697
2003,24558
2004,25385
2005,26346
2006,26678
2007,26959
2008,27626
2009,27754
2010,27567
2011,27573
2012,27800
2013,27905
2014,28229
2015,28512
2016,27989
2017,28124
2018,28307
2019,28444
1990,88
1991,90
1992,93
1993,95
1994,99
1995,101
1996,104
1997,106
1998,108
1999,109
2000,109
2001,111
2002,117
2003,122
2004,125
2005,129
2006,132
2007,134
2008,137
2009,139
2010,139
2011,139
2012,145
2013,149
2014,152
2015,158
2016,164
2017,170
2018,175
2019,181
1990,1873
1991,1856
1992,1857
1993,1854
1994,1849
1995,1869
1996,1884
1997,1907
1998,1923
1999,1943
2000,1994
2001,2064
2002,2157
2003,2254
2004,2359
2005,2465
2006,2536
2007,2612
2008,2641
2009,2714
2010,2834
2011,2919
2012,3030
2013,3133
2014,3225
2015,3324
2016,3417
2017,3552
2018,3697
2019,3801
2007,4669
2008,4897
2009,5040
2014,5929
2015,6073
2016,6232
1990,3393
1991,3458
1992,3511
1993,3591
1994,3739
1995,3847
1996,3992
1997,4068
1998,4147
1999,4135
2000,4142
2001,4202
2002,4257
2003,4259
2004,4351
2005,4329
2006,4468
2010,5220
2011,5401
2012,5651
2013,5792
2017,6378
2018,6697
2019,7001
1990,10543
1991,10578
1992,10612
1993,10595
1994,10556
1995,10868
1996,10797
1997,11254
1998,11432
1999,11411
2000,11246
2001,11183
2002,11017
2003,10883
2004,10748
2005,11093
2006,11178
2007,11671
2008,12011
2009,12439
2010,12504
2011,12847
2012,13036
2013,13176
2014,13272
2015,13633
2016,13378
2017,13571
2018,13703
2019,13901
1990,4139
1991,4161
1992,4201
1993,4250
1994,4335
1995,4466
1996,4589
1997,4749
1998,4879
1999,4966
2000,4988
2001,5188
2002,5172
2003,5301
2004,5384
2005,5311
2006,5485
2007,5634
2008,5688
2009,5747
2010,5867
2011,5861
2012,5997
2013,5989
2014,5753
2015,6051
2016,6000
2017,6128
2018,6238
2019,6336
1990,224
1991,234
1992,242
1993,251
1994,260
1995,269
1996,279
1997,291
1998,303
1999,315
2000,331
2001,349
2002,363
2003,376
2004,388
2005,401
2006,415
2007,425
2008,421
2009,442
2010,453
2011,478
2012,495
2013,511
2014,529
2015,543
2016,548
2017,588
2018,641
2019,650
2007,5538
2009,5977
2010,6146
2011,6300
2012,6466
2013,6657
2014,6860
2015,7066
2016,7297
1990,3412
1991,3436
1992,3514
1993,3584
1994,3673
1995,3789
1996,3921
1997,4071
1998,4227
1999,4357
2000,4469
2001,4570
2002,4735
2003,4907
2004,5065
2005,5201
2006,5299
2008,5781
2017,7502
2018,7767
2019,7993
1990,27724
1991,28947
1992,31303
1993,31285
1994,33863
1995,35143
1996,38141
1997,43565
1998,44962
1999,44476
2000,46044
2001,45486
2002,45752
2003,46271
2004,46117
2005,46256
2006,47576
2007,47493
2008,48317
2009,49252
2010,50156
2011,50303
2012,50791
2013,51714
2014,53650
2015,55105
2016,55368
2017,55803
2018,54568
2019,54803
1990,533472
1991,544297
1992,557484
1993,571605
1994,587846
1995,600162
1996,623565
1997,659322
1998,675737
1999,683164
2000,701320
2001,720553
2002,737077
2003,745036
2004,746585
2005,779015
2006,810205
2007,840148
2008,871406
2009,886836
2010,917134
2011,949997
2012,979825
2013,1021834
2014,1054061
2015,1103467
2016,1146947
2017,1185833
2018,1235291
2019,1280775
1990,48342
1991,50430
1992,51927
1993,53753
1994,56216
1995,57609
1996,59398
1997,61462
1998,63742
1999,66042
2000,67560
2001,68214
2002,69377
2003,70417
2004,71466
2005,72108
2006,73401
2007,75412
2008,77301
2009,79319
2010,81484
2011,83001
2012,85025
2013,86168
2014,87532
2015,89310
2016,91399
2017,95571
2018,99368
2019,104176
2011,3636
2012,3718
2013,3782
2015,3853
2016,3859
1990,2982
1991,2994
1992,3022
1993,3034
1994,3046
1995,3111
1996,3110
1997,3043
1998,3059
1999,3064
2000,3073
2001,3016
2002,3017
2003,3079
2004,3151
2005,3212
2006,3305
2007,3378
2008,3439
2009,3505
2010,3570
2014,3832
2017,3914
2018,4034
2019,4140
1990,650558
1991,666079
1992,683303
1993,701761
1994,721914
1995,737622
1996,766528
1997,802366
1998,824354
1999,838563
2000,857875
2001,875557
2002,896119
2003,907833
2004,913766
2005,950710
2006,987171
2007,1022693
2008,1057198
2009,1076249
2010,1111147
2011,1149594
2012,1182268
2013,1225679
2014,1260812
2015,1314403
2016,1364881
2017,1409979
2018,1466598
2019,1519162
1990,83062
1991,84960
1992,85862
1993,87222
1994,88488
1995,90307
1996,91743
1997,91886
1998,93671
1999,95571
2000,95045
2001,95712
2002,97068
2003,99149
2004,100015
2005,101587
2006,102950
2007,105944
2008,108593
2009,110520
2010,112037
2011,114873
2012,117023
2013,117532
2014,118929
2015,121607
2016,122150
2017,123098
2018,124266
2019,125835
1990,8430
1991,8251
1992,8437
1993,8616
1994,9155
1995,9672
1996,10328
1997,11374
1998,11563
1999,12034
2000,12375
2001,12205
2002,12259
2003,12573
2004,12887
2005,13273
2006,13582
2007,13898
2008,14363
2009,14688
2010,15052
2011,15694
2012,16154
2013,16487
2014,16939
2015,17140
2016,17592
2017,17984
2018,18197
2019,18724
1990,251831
1991,258425
1992,266445
1993,271375
1994,278969
1995,285750
1996,293745
1997,304236
1998,312125
1999,317198
2000,324265
2001,328934
2002,336778
2003,345219
2004,353525
2005,361328
2006,370799
2007,378360
2008,387904
2009,399218
2010,411194
2011,423523
2012,436857
2013,450927
2014,465043
2015,478123
2016,491370
2017,505687
2018,520107
2019,534843
2007,12280
2008,12572
2009,12874
2010,13136
2011,13431
2012,13786
2013,14179
2014,14698
2015,15128
2016,15575
1990,8388
1991,8659
1992,8914
1993,9127
1994,9342
1995,9527
1996,9712
1997,9880
1998,10028
1999,10151
2000,10355
2001,10614
2002,10893
2003,11099
2004,11367
2005,11731
2006,12015
2017,16047
2018,16587
2019,17100
1990,295
1991,308
1992,318
1993,333
1994,319
1995,290
1996,290
1997,300
1998,326
1999,354
2000,370
2001,390
2002,415
2003,429
2004,439
2005,444
2006,452
2007,463
2008,481
2009,496
2010,510
2011,522
2012,538
2013,573
2014,605
2015,634
2016,657
2017,680
2018,699
2019,716
1990,21672
1991,21935
1992,22088
1993,22274
1994,22070
1995,22399
1996,22640
1997,22840
1998,23046
1999,23220
2000,23245
2001,23314
2002,23317
2003,23345
2004,23457
2005,23460
2006,23628
2007,23675
2008,23693
2009,23848
2010,24014
2011,24245
2012,24413
2013,24567
2014,24780
2015,25078
2016,25416
2017,25884
2018,26211
2019,26480
1990,15439
1991,15434
1992,15276
1993,15149
1994,15006
1995,15817
1996,15904
1997,16075
1998,16234
1999,16283
2000,16319
2001,16404
2002,16560
2003,16753
2004,16756
2005,16844
2006,16983
2007,17213
2008,17411
2009,17728
2010,17960
2011,18152
2012,18515
2013,18808
2014,19069
2015,19331
2016,19520
2017,19693
2018,19931
2019,20248
2007,6570
2008,6991
2009,7250
2010,7625
1990,4634
1991,4818
1992,5097
1993,5109
1994,5270
1995,5452
1996,5603
1997,5775
1998,6025
1999,6091
2000,6104
2001,6010
2002,6075
2003,5937
2004,6029
2005,6171
2006,6364
2011,7828
2012,7910
2013,8002
2014,8054
2015,8046
2016,8168
2017,8363
2018,8571
2019,8784
2007,41376
2008,42773
2009,43589
2010,44851
2011,47452
2012,48236
2013,48769
2014,50916
2015,51068
2016,53194
1990,20634
1991,21590
1992,22778
1993,23890
1994,25306
1995,26856
1996,28567
1997,29345
1998,30586
1999,31244
2000,32540
2001,33092
2002,32096
2003,34837
2004,37096
2005,39212
2006,40091
2017,54237
2018,55455
2019,56953
1990,3630
1991,3669
1992,3727
1993,3658
1994,3750
1995,3545
1996,3393
1997,3315
1998,3296
1999,3284
2000,3302
2001,3364
2002,3428
2003,3490
2004,3612
2005,3770
2006,3858
2007,3974
2008,4069
2009,4131
2010,4269
2011,4401
2012,4477
2013,4512
2014,4642
2015,4796
2016,4997
2017,5154
2018,5227
2019,5368
1990,14316
1991,14587
1992,14895
1993,15251
1994,15548
1995,15785
1996,16128
1997,16568
1998,17123
1999,17460
2000,17608
2001,17705
2002,18179
2003,18929
2004,19563
2005,20126
2006,20796
2007,21499
2008,22081
2009,22809
2010,23445
2011,24223
2012,25212
2013,26098
2014,26515
2015,27361
2016,28244
2017,29331
2018,30436
2019,31417
2007,81637
2008,83758
2009,85440
1990,48818
1991,51655
1992,53990
1993,56249
1994,58767
1995,61430
1996,64560
1997,62976
1998,66270
1999,71663
2000,72636
2001,70081
2002,72423
2003,74255
2004,75922
2005,77591
2006,79434
2010,88792
2011,91007
2012,92723
2013,93810
2014,96260
2015,99068
2016,103557
2017,107299
2018,111493
2019,115544
1990,294
1991,298
1992,310
1993,320
1994,324
1995,332
1996,336
1997,336
1998,350
1999,357
2000,369
2001,377
2002,385
2003,402
2004,406
2005,429
2006,444
2007,470
2008,488
2009,525
2010,561
2011,611
2012,652
2013,683
2014,707
2015,740
2016,765
2017,786
2018,807
2019,824
1990,1346
1991,1391
1992,1435
1993,1480
1994,1532
1995,1583
1996,1637
1997,1698
1998,1753
1999,1792
2000,1851
2001,1914
2002,1992
2003,2074
2004,2127
2005,2199
2006,2274
2007,2369
2008,2493
2009,2618
2010,2728
2011,2824
2012,2901
2013,2976
2014,3103
2015,3235
2016,3400
2017,3572
2018,3691
2019,3832
1990,2
1991,2
1992,2
1993,2
1994,2
1995,2
1996,2
1997,2
1998,2
1999,2
2000,2
2001,2
2002,2
2003,2
2004,2
2005,1
2006,1
2007,1
2008,1
2009,1
2010,1
2011,1
2012,1
2013,1
2014,1
2015,1
2016,2
2017,2
2018,2
2019,2
1990,84
1991,86
1992,88
1993,90
1994,92
1995,94
1996,96
1997,99
1998,105
1999,110
2000,111
2001,111
2002,112
2003,114
2004,113
2005,109
2006,111
2007,113
2008,114
2009,116
2010,117
2011,119
2012,120
2013,121
2014,122
2015,123
2016,124
2017,125
2018,126
2019,127
1990,1139
1991,1158
1992,1194
1993,1254
1994,1300
1995,1294
1996,1339
1997,1313
1998,1356
1999,1367
2000,1339
2001,1367
2002,1370
2003,1437
2004,1465
2005,1477
2006,1484
2007,1534
2008,1621
2009,1603
2010,1629
2011,1635
2012,1622
2013,1684
2014,1745
2015,1798
2016,1867
2017,1915
2018,1966
2019,2017
1990,4064
1991,4311
1992,4518
1993,4720
1994,4834
1995,5105
1996,5263
1997,5487
1998,5684
1999,5843
2000,6001
2001,6116
2002,6232
2003,6340
2004,6449
2005,6653
2006,6848
2007,7045
2008,7260
2009,7477
2010,7722
2011,7957
2012,8193
2013,8448
2014,8713
2015,8989
2016,9263
2017,9549
2018,9841
2019,10110
1990,54267
1991,55193
1992,56008
1993,56921
1994,57620
1995,58110
1996,57872
1997,58322
1998,58158
1999,57022
2000,55136
2001,56040
2002,57449
2003,58358
2004,59775
2005,61799
2006,64842
2007,68123
2008,72652
2009,79101
2010,83964
2011,87607
2012,89838
2013,92577
2014,95217
2015,96409
2016,98216
2017,100727
2018,102336
2019,104816
1990,2572
1991,2535
1992,2466
1993,2641
1994,2665
1995,2570
1996,2576
1997,2474
1998,2341
1999,2143
2000,2107
2001,2097
2002,2164
2003,2224
2004,2358
2005,2512
2006,2594
2007,2657
2008,2682
2009,2617
2010,2654
2011,2787
2012,2903
2013,3049
2014,3193
2015,3293
2016,3369
2017,3444
2018,3551
2019,3636
1990,10
1991,10
1992,10
1993,10
1994,10
1995,11
1996,11
1997,11
1998,11
1999,11
2000,11
2001,11
2002,11
2003,11
2004,11
2005,11
2006,11
2007,12
2008,12
2009,12
2010,12
2011,12
2012,12
2013,12
2014,13
2015,13
2016,13
2017,13
2018,13
2019,14
1990,8120
1991,8580
1992,8867
1993,9270
1994,9710
1995,10158
1996,10487
1997,10809
1998,11215
1999,11522
2000,12005
2001,12366
2002,12631
2003,12900
2004,13367
2005,13804
2006,14223
2007,14526
2008,14670
2009,15063
2010,15613
2011,16191
2012,16919
2013,17975
2014,18722
2015,19079
2016,19739
2017,20056
2018,20975
2019,21648
1990,115792
1991,120788
1992,124692
1993,126513
1994,128117
1995,132842
1996,127334
1997,120714
1998,112466
1999,113835
2000,114487
2001,110398
2002,109370
2003,105904
2004,105005
2005,102204
2006,96578
2007,98316
2008,98623
2009,90806
2010,89047
2011,87652
2012,89246
2013,89518
2014,85023
2015,100754
2016,98149
2017,97496
2018,99448
2019,99218
2007,1888
2008,2098
2009,2338
2011,2755
2012,2992
2014,3528
2015,3853
1990,647
1991,697
1992,749
1993,804
1994,867
1995,926
1996,981
1997,1030
1998,1081
1999,1141
2000,1215
2001,1280
2002,1352
2003,1433
2004,1529
2005,1618
2006,1738
2010,2536
2013,3274
2016,4209
2017,4592
2018,5017
2019,5473
1990,169769
1991,169624
1992,169747
1993,170585
1994,168859
1995,169203
1996,168147
1997,167034
1998,167542
1999,168049
2000,166014
2001,164840
2002,166083
2003,167145
2004,166006
2005,165756
2006,166590
2007,168163
2008,169922
2009,169668
2010,170537
2011,172472
2012,175638
2013,178763
2014,180410
2015,183720
2016,185795
2017,187620
2018,192771
2019,195999
2007,625940
2008,637146
2009,644331
2010,648290
2011,659516
2012,668318
2013,678428
2014,689157
2015,700941
2016,715197
1990,539139
1991,544760
1992,550919
1993,565698
1994,573321
1995,582371
1996,583202
1997,583773
1998,589017
1999,597618
2000,602487
2001,606130
2002,610949
2003,612745
2004,609433
2005,615940
2006,620516
2017,725719
2018,750419
2019,773895
1990,127
1991,131
1992,135
1993,141
1994,148
1995,151
1996,156
1997,160
1998,165
1999,173
2000,178
2001,185
2002,190
2003,196
2004,202
2005,208
2006,220
2007,259
2008,268
2009,276
2010,284
2011,291
2012,299
2013,304
2014,309
2015,315
2016,317
2017,322
2018,326
2019,330
1990,8229
1991,8429
1992,8441
1993,8522
1994,8498
1995,8598
1996,8642
1997,8655
1998,8831
1999,8869
2000,8812
2001,8792
2002,8939
2003,9066
2004,9085
2005,9064
2006,9034
2007,9315
2008,9169
2009,9152
2010,9335
2011,9532
2012,9562
2013,9539
2014,9532
2015,9645
2016,9687
2017,9836
2018,9948
2019,10084
1990,12936
1991,13245
1992,13687
1993,14468
1994,15039
1995,15336
1996,15596
1997,15335
1998,15268
1999,15234
2000,15601
2001,15728
2002,15923
2003,16084
2004,16060
2005,16635
2006,16509
2007,16615
2008,16609
2009,16481
2010,16676
2011,17371
2012,18088
2013,18623
2014,19374
2015,20098
2016,20851
2017,21321
2018,21879
2019,22338
1990,76
1991,81
1992,86
1993,89
1994,94
1995,95
1996,98
1997,101
1998,104
1999,108
2000,108
2001,113
2002,112
2003,112
2004,117
2005,125
2006,132
2007,141
2008,149
2009,155
2010,162
2011,171
2012,178
2013,185
2014,192
2015,198
2016,205
2017,212
2018,219
2019,225
1990,12533
1991,13007
1992,13588
1993,14054
1994,14884
1995,15118
1996,15123
1997,15174
1998,15872
1999,16382
2000,16887
2001,17822
2002,19028
2003,19915
2004,19650
2005,20463
2006,21913
2007,23102
2008,24417
2009,24932
2010,24352
2011,25140
2012,26388
2013,26771
2014,27936
2015,28869
2016,30209
2017,31186
2018,32241
2019,34771
2007,74528
2008,77482
2009,80447
2011,85955
2014,95150
2015,98218
2016,101684
1990,44832
1991,45797
1992,46737
1993,48007
1994,49318
1995,50723
1996,52334
1997,53575
1998,54963
1999,56419
2000,57718
2001,59562
2002,61556
2003,63881
2004,66406
2005,68914
2006,71515
2010,83110
2012,88853
2013,91901
2017,105181
2018,108902
2019,112564
1990,8888
1991,8925
1992,9022
1993,9118
1994,9057
1995,9048
1996,8958
1997,8921
1998,8971
1999,9037
2000,8941
2001,8906
2002,8946
2003,8975
2004,9012
2005,9022
2006,9045
2007,9135
2008,9279
2009,9336
2010,9365
2011,9469
2012,9652
2013,9836
2014,9867
2015,9945
2016,10004
2017,10113
2018,10340
2019,10569
1994,
1990,1911773
1991,1961888
1992,2007065
1993,2058390
1994,2102379
1995,2155829
1996,2207259
1997,2252175
1998,2313295
1999,2387131
2000,2467264
2001,2521485
2002,2575378
2003,2644813
2004,2734174
2005,2784313
2006,2789674
2007,2827150
2008,2886617
2009,2948067
2010,3018009
2011,3070634
2012,3108719
2013,3141653
2014,3198283
2015,3248561
2016,3329664
2017,3412025
2018,3512802
2019,3632974
1992,
2007,
1990,5755373
1991,5870802
1992,5998995
1993,6170027
1994,6299073
1995,6405941
1996,6493740
1997,6589264
1998,6706446
1999,6860918
2000,7005380
2001,7117805
2002,7257594
2003,7392016
2004,7508315
2005,7657499
2006,7726714
2007,7854808
2008,8031392
2009,8171963
2010,8333679
2011,8473252
2012,8616504
2013,8761914
2014,8925062
2015,9138501
2016,9341881
2017,9534619
2018,9797018
2019,10079637
2007,
2008,
2009,
2010,
2011,
2012,
2013,
2014,
2015,
2016,
1990,2136043
1991,2169716
1992,2198740
1993,2240011
1994,2268277
1995,2311022
1996,2330437
1997,2350561
1998,2391485
1999,2433272
2000,2454347
2001,2475880
2002,2505924
2003,2537506
2004,2549944
2005,2583797
2006,2608605
2007,2648156
2008,2688568
2009,2720222
2010,2741923
2011,2781519
2012,2818283
2013,2847682
2014,2873609
2015,2922845
2016,2956430
2017,2994910
2018,3064309
2019,3131800
1990,191361
1991,195205
1992,199334
1993,202816
1994,206278
1995,210339
1996,213906
1997,217210
1998,221354
1999,224933
2000,227985
2001,231482
2002,235867
2003,241257
2004,247167
2005,252515
2006,257962
2007,263741
2008,270173
2009,277065
2010,283693
2011,291516
2012,299867
2013,309065
2014,318084
2015,326474
2016,336295
2017,346524
2018,358058
2019,368474
1990,1040609
1991,1067467
1992,1096759
1993,1125937
1994,1156751
1995,1184786
1996,1214593
1997,1255326
1998,1275609
1999,1294875
2000,1325396
2001,1353596
2002,1384306
2003,1403945
2004,1420442
2005,1467610
2006,1510490
2007,1558447
2008,1608516
2009,1636656
2010,1684689
2011,1737976
2012,1791366
2013,1854951
2014,1904365
2015,1993523
2016,2058494
2017,2119846
2018,2197070
2019,2268203
1990,2384551
1991,2435556
1992,2501243
1993,2598277
1994,2664737
1995,2696704
1996,2731647
1997,2762957
1998,2814691
1999,2904438
2000,2994177
2001,3053282
2002,3127866
2003,3205567
2004,3286926
2005,3349636
2006,3345646
2007,3380334
2008,3459883
2009,3533662
2010,3618952
2011,3657754
2012,3702407
2013,3745534
2014,3824219
2015,3890744
2016,3985641
2017,4068178
2018,4172284
2019,4305756
2007,8249
2008,8663
2009,8910
2010,9075
2011,9437
2012,9731
2013,10142
2014,10462
2015,10900
1990,4545
1991,4647
1992,4777
1993,4906
1994,5049
1995,5196
1996,5343
1997,5500
1998,5642
1999,5858
2000,6094
2001,6354
2002,6705
2003,6984
2004,7275
2005,7564
2006,7887
2016,11338
2017,11808
2018,12293
2019,12681
1990,4635
1991,4816
1992,4957
1993,5075
1994,5220
1995,5361
1996,5481
1997,5572
1998,5660
1999,5722
2000,5768
2001,5788
2002,5855
2003,5978
2004,6136
2005,6265
2006,6467
2007,6585
2008,6748
2009,6917
2010,7229
2011,7508
2012,7676
2013,7901
2014,8131
2015,8372
2016,8642
2017,9067
2018,9421
2019,9789
1990,5977
1991,6161
1992,6428
1993,6552
1994,6777
1995,6980
1996,7062
1997,7226
1998,7536
1999,7864
2000,8300
2001,8523
2002,8841
2003,9063
2004,9339
2005,9289
2006,9457
2007,9622
2008,10071
2009,10311
2010,10396
2011,10366
2012,10454
2013,10574
2014,10857
2015,11161
2016,11465
2017,11744
2018,12038
2019,12353
